id,specific_code_traffic_light,name_traffic_light,location_traffic_light,type_traffic_light,organization,asset_id_status_traffic_light,lat,long
1,1,อุรุพงษ์,ราชเทวี,,สำนักงานวิศวกรรมจราจร,ปกติ,13.756257,100.52338
2,3,ราชประสงค์,ปทุมวัน,,สำนักงานวิศวกรรมจราจร,ปกติ,13.744765,100.540302
3,4,บางรัก,บางรัก,,สำนักงานวิศวกรรมจราจร,ปกติ,13.722232,100.516676
4,5,พระโขนง,คลองเตย,,สำนักงานวิศวกรรมจราจร,ปกติ,13.714488,100.592585
5,6,สะพานแดง,พระรามที่ 5- ทหาร-เตชะวณิช,,สำนักงานวิศวกรรมจราจร,ปกติ,13.793416,100.529933
6,7,พรานนก,บางกอกน้อย,,สำนักงานวิศวกรรมจราจร,ปกติ,13.75557,100.477825
7,8,หัวลำโพง,ปทุมวัน,,สำนักงานวิศวกรรมจราจร,ปกติ,13.737552,100.516042
8,9,ป้อมมหากาฬ,พระนคร,,สำนักงานวิศวกรรมจราจร,ปกติ,13.75571,100.505353
9,10,ผ่านฟ้า,ป้อมปราบฯ,,สำนักงานวิศวกรรมจราจร,ปกติ,13.756659,100.506569
10,11,มัฆวาน,พระนคร,,สำนักงานวิศวกรรมจราจร,ปกติ,13.76371,100.509394
11,12,จ.ป.ร.,พระนคร,,สำนักงานวิศวกรรมจราจร,ปกติ,13.760193,100.507655
12,13,ผ่านพิภพลีลา,พระนคร,,สำนักงานวิศวกรรมจราจร,ปกติ,13.75727,100.495012
13,14,การเรือน,ราชวิถี - ราชสีมา,,สำนักงานวิศวกรรมจราจร,ปกติ,13.777075,100.511695
14,15,วัดเบญจฯ,พระรามที่ 5- ศรีอยุธยา,,สำนักงานวิศวกรรมจราจร,ปกติ,13.766788,100.51493
15,16,ศรีย่าน,สามเสน- นครไชยศรี,,สำนักงานวิศวกรรมจราจร,ปกติ,13.785349,100.511755
16,17,ซังฮี้,สามเสน- ราชวิถี,,สำนักงานวิศวกรรมจราจร,ปกติ,13.778319,100.508416
17,18,ราชเทวี,ราชเทวี,,สำนักงานวิศวกรรมจราจร,ปกติ,13.753548,100.531827
18,19,สามเหลี่ยมดินแดง,ราชเทวี,,สำนักงานวิศวกรรมจราจร,ปกติ,13.763096,100.542832
19,20,เพลินจิต,ปทุมวัน,,สำนักงานวิศวกรรมจราจร,ปกติ,13.743176,100.547493
20,21,อู่ทองใน,ราชวิถี- พิชัย - อู่ทองใน,,สำนักงานวิศวกรรมจราจร,ปกติ,13.77543,100.515465
21,22,ประตูน้ำ,ราชเทวี,,สำนักงานวิศวกรรมจราจร,ปกติ,13.750603,100.541137
22,23,ศูนย์รักษาความปลอดภัย,บางเขน,,สำนักงานวิศวกรรมจราจร,ปกติ,13.802548,100.593123
23,24,จุฬา 12,ปทุมวัน,,สำนักงานวิศวกรรมจราจร,ปกติ,13.742807,100.530059
24,26,เทวกรรม,ป้อมปราบฯ,,สำนักงานวิศวกรรมจราจร,ปกติ,13.760333,100.512632
25,27,วังหิน,ลาดพร้าว,,สำนักงานวิศวกรรมจราจร,ปกติ,13.832165,100.591806
26,28,ราชวัตร,พระรามที่ 5- นครไชยศรี,,สำนักงานวิศวกรรมจราจร,ปกติ,13.779541,100.522442
27,29,ห้าแยกพลับพลาไชย,ป้อมปราบฯ,,สำนักงานวิศวกรรมจราจร,ปกติ,13.746379,100.51175
28,30,รพ.กลาง,ป้อมปราบฯ,,สำนักงานวิศวกรรมจราจร,ปกติ,13.745853,100.509531
29,31,พิชัย,พิชัย- นครไชยศรี,,สำนักงานวิศวกรรมจราจร,ปกติ,13.786046,100.520239
30,32,จักรพรรดิพงษ์,นครสวรรค์ - จักรพรรดิพงษ์,,สำนักงานวิศวกรรมจราจร,ปกติ,13.75856,100.509496
31,33,ตรอกจันทน์,บางคอแหลม,,สำนักงานวิศวกรรมจราจร,ปกติ,13.710398,100.511287
32,34,นางเลิ้ง,นครสวรรค์- พิษณุโลก,,สำนักงานวิศวกรรมจราจร,ปกติ,13.762018,100.515357
33,36,เมอริคิงส์,พระนคร,,สำนักงานวิศวกรรมจราจร,ปกติ,13.745607,100.502695
34,37,สะพานขาว,หลานหลวง - กรุงเกษม - ลูกหลวง,,สำนักงานวิศวกรรมจราจร,ปกติ,13.75688,100.516037
35,38,สะพานควาย,พญาไท,,สำนักงานวิศวกรรมจราจร,ปกติ,13.790002,100.548558
36,39,ตึกชัย,ราชเทวี,,สำนักงานวิศวกรรมจราจร,ปกติ,13.769495,100.52874
37,40,ยมราช,เพชรบุรี- สวรรคโลก - หลานหลวง - พิษณุโลก,,สำนักงานวิศวกรรมจราจร,ปกติ,13.757616,100.520512
38,41,เฉลิมเผ่า,ปทุมวัน,,สำนักงานวิศวกรรมจราจร,ปกติ,13.745334,100.535797
39,42,ชิดลม,ปทุมวัน,,สำนักงานวิศวกรรมจราจร,ปกติ,13.744031,100.543854
40,43,ด่วนเพลินจิต,เพลินจิต - ทางขึ้นทางด่วน,,สำนักงานวิศวกรรมจราจร,ปกติ,13.742881,100.550209
41,44,แม้นศรี,ป้อมปราบฯ,,สำนักงานวิศวกรรมจราจร,ปกติ,13.752127,100.508705
42,45,โรงกรองน้ำ,พญาไท,,สำนักงานวิศวกรรมจราจร,ปกติ,13.77517,100.53107
43,46,หมอมี,สัมพันธวงศ์,,สำนักงานวิศวกรรมจราจร,ปกติ,13.740685,100.512256
44,47,เฉลิมบุรี,เยาวราช - ทรงสวัสดิ์,,สำนักงานวิศวกรรมจราจร,ปกติ,13.739455,100.511466
45,49,ราชวงศ์,เยาวราช - ราชวงศ์,,สำนักงานวิศวกรรมจราจร,ปกติ,13.742626,100.506979
46,50,วัดตึก,เยาวราช - จักรวรรดิ,,สำนักงานวิศวกรรมจราจร,ปกติ,13.744366,100.504479
47,51,ศาลาแดง,บางรัก,ไม่ระบุ,สำนักงานวิศวกรรมจราจร,ปกติ,13.729841,100.536648
48,52,เสือป่า,เจริญกรุง - เสือป่า,,สำนักงานวิศวกรรมจราจร,ปกติ,13.744332,100.508035
49,53,เอส.เอ.บี.,เจริญกรุง - วรจักร,,สำนักงานวิศวกรรมจราจร,ปกติ,13.745916,100.505664
50,54,อุภัย,ราชวิถี- สวรรคโลก,,สำนักงานวิศวกรรมจราจร,ปกติ,13.771583,100.525629
51,55,เฉลิมกรุง,พระนคร,,สำนักงานวิศวกรรมจราจร,ปกติ,13.747295,100.499391
52,56,สามยอด,เจริญกรุง- มหาไชย,,สำนักงานวิศวกรรมจราจร,ปกติ,13.746899,100.503184
53,57,หลานหลวง,ป้อมปราบฯ,,สำนักงานวิศวกรรมจราจร,ปกติ,13.756607,100.509536
54,58,บางลำพู,พระนคร,,สำนักงานวิศวกรรมจราจร,ปกติ,13.762183,100.498318
55,59,บางขุนพรหม,พระนคร,,สำนักงานวิศวกรรมจราจร,ปกติ,13.767207,100.501058
56,60,บ้านแขก,คลองสาน,,สำนักงานวิศวกรรมจราจร,ปกติ,13.731187,100.494883
57,61,ท่าดินแดง,คลองสาน,,สำนักงานวิศวกรรมจราจร,ปกติ,13.732507,100.502173
58,62,ขัตติยานี,สุโขทัย- พิชัย,,สำนักงานวิศวกรรมจราจร,ปกติ,13.778462,100.516335
59,63,อังรีดูนังต์,ปทุมวัน,,สำนักงานวิศวกรรมจราจร,ปกติ,13.73074,100.533587
60,64,หน้าจุฬาฯ,ปทุมวัน,,สำนักงานวิศวกรรมจราจร,ปกติ,13.742767,100.530304
61,65,วชิระ,สามเสน- สุโขทัย,,สำนักงานวิศวกรรมจราจร,ปกติ,13.78132,100.509824
62,66,สาธุ-จันทน์,จันทน์- สาธุประดิษฐ์,,สำนักงานวิศวกรรมจราจร,ปกติ,13.705861,100.528733
63,67,เพชรพระราม,เพชรบุรี-  บรรทัดทอง,,สำนักงานวิศวกรรมจราจร,ปกติ,13.755197,100.526879
64,68,กล้วยน้ำไท,คลองเตย,,สำนักงานวิศวกรรมจราจร,ปกติ,13.712924,100.587892
65,69,ราชวิถี,ราชวิถี- พระรามที่ 5,,สำนักงานวิศวกรรมจราจร,ปกติ,13.77391,100.519012
66,70,สำราญราษฎร์,บำรุงเมือง- มหาไชย,,สำนักงานวิศวกรรมจราจร,ปกติ,13.752305,100.504457
67,71,สี่เสาเทเวศร์,สามเสน- ศรีอยุธยา,,สำนักงานวิศวกรรมจราจร,ปกติ,13.771128,100.505031
68,72,เทเวศร์,สามเสน - กรุงเกษม,,สำนักงานวิศวกรรมจราจร,ปกติ,13.769875,100.503408
69,74,วังแดง,พิษณุโลก- ราชสีมา,,สำนักงานวิศวกรรมจราจร,ปกติ,13.768638,100.507679
70,75,หอประชุม ทบ.,ศรีอยุธยา- ราชสีมา,,สำนักงานวิศวกรรมจราจร,ปกติ,13.769919,100.508174
71,76,สวนมิสกวัน,ราชดำเนินนอก- พิษณุโลก,,สำนักงานวิศวกรรมจราจร,ปกติ,13.765951,100.510431
72,77,วิสุทธิกษัตริย์,ประชาธิปไตย - วิสุทธิกษัตริย์,,สำนักงานวิศวกรรมจราจร,ปกติ,13.762397,100.504232
73,78,สะพานวันชาติ,ประชาธิปไตย - พระสุเมรุ,,สำนักงานวิศวกรรมจราจร,ปกติ,13.759349,100.502483
74,79,คอกวัว,ราชดำเนินกลาง - ตะนาว,,สำนักงานวิศวกรรมจราจร,ปกติ,13.75761,100.49898
75,80,วรจักร,หลวง - วรจักร,,สำนักงานวิศวกรรมจราจร,ปกติ,13.747948,100.506954
76,81,สะพานมอญ,เจริญกรุง - อัษฎางค์,,สำนักงานวิศวกรรมจราจร,ปกติ,13.747341,100.49645
77,82,เจริญผล,พระรามที่ 1- บรรทัดทอง,,สำนักงานวิศวกรรมจราจร,ปกติ,13.747552,100.523821
78,83,ประชาเกษม (เมล์แดง),ประชาธิปไตย - กรุงเกษม,,สำนักงานวิศวกรรมจราจร,ปกติ,13.766304,100.506628
79,84,อู่ทองนอก,ราชสีมา- อู่ทองนอก,,สำนักงานวิศวกรรมจราจร,ปกติ,13.772029,100.509364
80,85,สวนรื่นฤดี,ราชสีมา- สุโขทัย,,สำนักงานวิศวกรรมจราจร,ปกติ,13.779848,100.513172
81,86,เกษะโกมล,พระรามที่ 5 - เศรษฐศิริ,,สำนักงานวิศวกรรมจราจร,ปกติ,13.783321,100.524406
82,87,สะพานเหลือง,พระรามที่ 4 - บรรทัดทอง,,สำนักงานวิศวกรรมจราจร,ปกติ,13.735873,100.521647
83,88,สามย่าน,พระรามที่ 4 - พญาไท,,สำนักงานวิศวกรรมจราจร,ปกติ,13.73286,100.528759
84,90,กำแพงเพชร,พหลโยธิน -  กำแพงเพชร,,สำนักงานวิศวกรรมจราจร,ปกติ,13.797948,100.550806
85,91,คลองสาน,ลาดหญ้า - เจริญนคร,,สำนักงานวิศวกรรมจราจร,ปกติ,13.730314,100.508619
86,92,ซอยอารีย์,สุขุมวิท - ซอยสุขุมวิท 26 (เชื่อม 495),,สำนักงานวิศวกรรมจราจร,ปกติ,13.729393,100.571006
87,93,ไมตรีจิตต์,พระรามที่ 4 - กรุงเกษม / ไมตรีจิตต์,,สำนักงานวิศวกรรมจราจร,ปกติ,13.738198,100.515225
88,95,เกษมราษฎร์,พระรามที่ 4 -  ซอยอารีย์/เกษมราษฎร์,,สำนักงานวิศวกรรมจราจร,ปกติ,13.71918,100.567153
89,96,ปทุมวัน,พระรามที่ 1 - พญาไท,,สำนักงานวิศวกรรมจราจร,ปกติ,13.746116,100.530779
90,97,เกียกกาย,สามเสน - ทหาร,,สำนักงานวิศวกรรมจราจร,ปกติ,13.797559,100.521342
91,98,มเหสักข์,สีลม - มเหสักข์ / สุรศักดิ์,,สำนักงานวิศวกรรมจราจร,ปกติ,13.726241,100.518871
92,99,วิทยุ-เพชร,เพชรบุรีตัดใหม่ - วิทยุ / ทางขึ้นทางด่วนฯ,,สำนักงานวิศวกรรมจราจร,ปกติ,13.749859,100.548563
93,100,สุโขทัย,พระรามที่ 5 - สุโขทัย,,สำนักงานวิศวกรรมจราจร,ปกติ,13.776796,100.520712
94,101,พาณิชยการ,พระรามที่ 5 - พิษณุโลก,,สำนักงานวิศวกรรมจราจร,ปกติ,13.763569,100.513519
95,103,วิทยุ,พระรามที่ 4 - วิทยุ / สาทร,,สำนักงานวิศวกรรมจราจร,ปกติ,13.726629,100.54446
96,104,วัดดวงแข,จารุเมือง - เจริญเมือง,,สำนักงานวิศวกรรมจราจร,ปกติ,13.738524,100.517159
97,105,นานา,วัฒนา,,สำนักงานวิศวกรรมจราจร,ปกติ,13.712279,100.595468
98,106,มิตรสัมพันธ์,ราชเทวี,,สำนักงานวิศวกรรมจราจร,ปกติ,13.750257,100.554434
99,107,ลาดหญ้า,คลองสาน,,สำนักงานวิศวกรรมจราจร,ปกติ,13.728508,100.500844
100,108,บางยี่เรือ,ธนบุรี,,สำนักงานวิศวกรรมจราจร,ปกติ,13.727571,100.487109
101,109,ศรีอยุธยา,ราชเทวี,,สำนักงานวิศวกรรมจราจร,ปกติ,13.762109,100.525694
102,110,พญาไท,ราชเทวี,,สำนักงานวิศวกรรมจราจร,ปกติ,13.757854,100.534337
103,111,ดาวคะนอง,สมเด็จพระเจ้าตากสิน - จอมทอง,,สำนักงานวิศวกรรมจราจร,ปกติ,13.694164,100.48186
104,112,เรือนจำ,มหาไชย-  หลวง,,สำนักงานวิศวกรรมจราจร,ปกติ,13.749766,100.503675
105,113,คลองตัน,สวนหลวง,,สำนักงานวิศวกรรมจราจร,ปกติ,13.741134,100.601061
106,114,นพวงศ์,ป้อมปราบฯ,,สำนักงานวิศวกรรมจราจร,ปกติ,13.745644,100.51603
107,115,อโศก,วัฒนา,,สำนักงานวิศวกรรมจราจร,ปกติ,13.736466,100.561324
108,116,เอกมัยใต้,วัฒนา,,สำนักงานวิศวกรรมจราจร,ปกติ,13.720184,100.584438
109,117,จอมทอง,จอมทอง - วุฒากาศ,,สำนักงานวิศวกรรมจราจร,ปกติ,13.699144,100.467272
110,118,คลองเตย,คลองเตย,,สำนักงานวิศวกรรมจราจร,ปกติ,13.717499,100.558222
111,119,มะลิทอง (วุฒากาศ),ธนบุรี,,สำนักงานวิศวกรรมจราจร,ปกติ,13.71951,100.472556
112,120,โพธิ์สามต้น,บางกอกใหญ่,,สำนักงานวิศวกรรมจราจร,ปกติ,13.740686,100.483824
113,121,เตาปูน,บางซื่อ,,สำนักงานวิศวกรรมจราจร,ปกติ,13.806458,100.531694
114,122,บางโพ,บางซื่อ,,สำนักงานวิศวกรรมจราจร,ปกติ,13.806348,100.521606
115,123,พระรามที่ 4,คลองเตย,,สำนักงานวิศวกรรมจราจร,ปกติ,13.720469,100.559037
116,124,อ่อนนุช,วัฒนา,,สำนักงานวิศวกรรมจราจร,ปกติ,13.708922,100.599548
117,125,อารีย์สัมพันธ์,พญาไท,,สำนักงานวิศวกรรมจราจร,ปกติ,13.781746,100.533768
118,126,วิชัยยุทธ,พญาไท,,สำนักงานวิศวกรรมจราจร,ปกติ,13.781867,100.530564
119,127,มไหสวรรย์,ธนบุรี,,สำนักงานวิศวกรรมจราจร,ปกติ,13.705884,100.485793
120,128,บางขุนนนท์,บางกอกน้อย,,สำนักงานวิศวกรรมจราจร,ปกติ,13.76419,100.473887
121,129,บางกระบือ,สามเสน - อำนวยสงคราม,,สำนักงานวิศวกรรมจราจร,ปกติ,13.789351,100.514642
122,130,อุณากรรณ,พระนคร,,สำนักงานวิศวกรรมจราจร,ปกติ,13.747065,100.501051
123,132,ด่วนสุขุมวิท 62,พระโขนง,,สำนักงานวิศวกรรมจราจร,ปกติ,13.695722,100.605676
124,133,ประดิพัทธ์,พญาไท,,สำนักงานวิศวกรรมจราจร,ปกติ,13.792044,100.537755
125,134,อโศก - เพชร,ราชเทวี,,สำนักงานวิศวกรรมจราจร,ปกติ,13.748733,100.563387
126,135,ด่วนเกษมราษฎร์,คลองเตย,,สำนักงานวิศวกรรมจราจร,ปกติ,13.711847,100.563725
127,136,อรุณอมรินทร์,บางพลัด,,สำนักงานวิศวกรรมจราจร,ปกติ,13.767945,100.486439
128,137,เดโช,บางรัก,,สำนักงานวิศวกรรมจราจร,ปกติ,13.725817,100.525593
129,138,บรมราชชนนี,บางพลัด,,สำนักงานวิศวกรรมจราจร,ปกติ,13.773613,100.481845
130,139,พระรูป ร.5,ราชดำเนินนอก - ศรีอยุธยา,,สำนักงานวิศวกรรมจราจร,ปกติ,13.768028,100.511441
131,140,สะพานอ่อน,ปทุมวัน,,สำนักงานวิศวกรรมจราจร,ปกติ,13.740165,100.522408
132,141,สี่พระยา,สี่พระยา/มหานคร/มหาเศรษฐ์,,สำนักงานวิศวกรรมจราจร,ปกติ,13.730544,100.515598
133,142,ใต้ด่วนพระราม 4,สาทร,,สำนักงานวิศวกรรมจราจร,ปกติ,13.72311,100.552325
134,143,หมอเหล็ง,ราชเทวี,,สำนักงานวิศวกรรมจราจร,ปกติ,13.755982,100.542356
135,144,ป้อมเผด็จ,พระนคร,,สำนักงานวิศวกรรมจราจร,ปกติ,13.752758,100.493352
136,145,ประชาอุทิศ,ห้วยขวาง,,สำนักงานวิศวกรรมจราจร,ปกติ,13.673246,100.50653
137,146,ประชาร่วมมิตร,ห้วยขวาง,,สำนักงานวิศวกรรมจราจร,ปกติ,13.76665,100.581657
138,147,เสาชิงช้า,บำรุงเมือง - ดินสอ - ตีทอง,,สำนักงานวิศวกรรมจราจร,ปกติ,13.751806,100.500463
139,148,บำรุงเมือง,บำรุงเมือง - อุณากรรณ - ศิริพงษ์,,สำนักงานวิศวกรรมจราจร,ปกติ,13.751754,100.501781
140,149,ร่วมจิตต์,ราชสีมา - นครไชยศรี,,สำนักงานวิศวกรรมจราจร,ปกติ,13.783889,100.515029
141,151,รามคำแหง,บางกะปิ,,สำนักงานวิศวกรรมจราจร,ปกติ,13.747643,100.605547
142,152,บางพลัด,บางพลัด,,สำนักงานวิศวกรรมจราจร,ปกติ,13.784867,100.494477
143,153,ท่าพระ,จรัญสนิทวงค์ - เพชรเกษม,,สำนักงานวิศวกรรมจราจร,ปกติ,13.729318,100.4737
144,154,ไฟฉาย,บางกอกน้อย,,สำนักงานวิศวกรรมจราจร,ปกติ,13.755087,100.469436
145,155,พิบูลวัฒนา,พญาไท,,สำนักงานวิศวกรรมจราจร,ปกติ,13.786748,100.536353
146,156,ประชานุกูล,ประชาชื่น - รัชดาภิเษก,,สำนักงานวิศวกรรมจราจร,ปกติ,13.830435,100.539011
147,157,วงศ์สว่าง,บางซื่อ,,สำนักงานวิศวกรรมจราจร,ปกติ,13.828532,100.528422
148,158,สามแยกบางกะปิ,บางกะปิ,,สำนักงานวิศวกรรมจราจร,ปกติ,13.766001,100.645365
149,159,กรมศุลกากร,คลองเตย,,สำนักงานวิศวกรรมจราจร,ปกติ,13.714877,100.565253
150,160,ยุคล 2,บำรุงเมือง - ยุคล 2,,สำนักงานวิศวกรรมจราจร,ปกติ,13.750702,100.511983
151,161,อนามัย,บำรุงเมือง - พลับพลาไชย,,สำนักงานวิศวกรรมจราจร,ปกติ,13.750072,100.514485
152,163,ใต้ด่วนดินแดง,ดินแดง,,สำนักงานวิศวกรรมจราจร,ปกติ,13.763687,100.548494
153,164,ประชาสงเคราะห์,ดินแดง,,สำนักงานวิศวกรรมจราจร,ปกติ,13.760515,100.555122
154,165,ทุ่งสาธิต,พระโขนง,,สำนักงานวิศวกรรมจราจร,ปกติ,13.684537,100.610496
155,166,นางลิ้นจี่,พระรามที่ 3 - นางลิ้นจี่,,สำนักงานวิศวกรรมจราจร,ปกติ,13.702561,100.545696
156,167,สาธุประดิษฐ์,พระรามที่ 3 - สาธุประดิษฐ์,,สำนักงานวิศวกรรมจราจร,ปกติ,13.679285,100.529217
157,168,อุดมสุข,บางนา,,สำนักงานวิศวกรรมจราจร,ปกติ,13.67881,100.609268
158,169,ศูนย์วิจัยใต้,ห้วยขวาง,,สำนักงานวิศวกรรมจราจร,ปกติ,13.744955,100.584686
159,170,บ่อปลา,สุขาภิบาลบางกะปิ - ถนนโชคชัย 4 (จัสโก),,สำนักงานวิศวกรรมจราจร,ปกติ,13.79348,100.64032
160,171,ถนนตก,เจริญกรุง - พระรามที่ 3,,สำนักงานวิศวกรรมจราจร,ปกติ,13.69741,100.496991
161,172,เซ็นหลุยส์ (สะพาน 3),สาทร,,สำนักงานวิศวกรรมจราจร,ปกติ,13.706342,100.526769
162,173,สรรพาวุธ,บางนา,,สำนักงานวิศวกรรมจราจร,ปกติ,13.676403,100.591174
163,174,ศิริราช,บางกอกน้อย,,สำนักงานวิศวกรรมจราจร,ปกติ,13.756073,100.483443
164,176,สี่กั๊กพระยาศรี,เจริญกรุง- เฟื่องนคร,,สำนักงานวิศวกรรมจราจร,ปกติ,13.747557,100.49763
165,177,สี่กั๊กเสาชิงช้า,บำรุงเมือง- เฟื่องนคร - ตะนาว,,สำนักงานวิศวกรรมจราจร,ปกติ,13.751506,100.498177
166,178,เจริญใจ,วัฒนา,,สำนักงานวิศวกรรมจราจร,ปกติ,13.731039,100.586464
167,179,รัชดา - ลาดพร้าว,จตุจักร,,สำนักงานวิศวกรรมจราจร,ปกติ,13.805585,100.574949
168,180,รัชโยธิน,จตุจักร,,สำนักงานวิศวกรรมจราจร,ปกติ,13.827261,100.568111
169,181,ทองหล่อ,วัฒนา,,สำนักงานวิศวกรรมจราจร,ปกติ,13.723647,100.579332
170,182,ลำสาลี,ศรีนครินทร์ - รามคำแหง,,สำนักงานวิศวกรรมจราจร,ปกติ,13.762715,100.64559
171,183,พงษ์เพชร,ประชาชื่น - งามวงศ์วาน,,สำนักงานวิศวกรรมจราจร,ปกติ,13.856494,100.545072
172,184,พงษ์พระราม,พระรามที่ 6- พระรามที่ 1,,สำนักงานวิศวกรรมจราจร,ปกติ,13.748432,100.520731
173,185,มหานคร,พระรามที่ 4- มหานคร-จารุเมือง,,สำนักงานวิศวกรรมจราจร,ปกติ,13.737001,100.519155
174,186,บุคคโล,มไหสวรรย์ - เจริญนคร,,สำนักงานวิศวกรรมจราจร,ปกติ,13.703026,100.488346
175,187,บางกะปิ,ลาดพร้าว - นวมินทร์ - เสรีไทย,,สำนักงานวิศวกรรมจราจร,ปกติ,13.766382,100.647863
176,188,สุรวงค์-เดโช,สุรวงค์- เดโช,,สำนักงานวิศวกรรมจราจร,ปกติ,13.727981,100.524896
177,189,สะพานช้างโรงสี,อัษฎางค์- บำรุงเมือง,,สำนักงานวิศวกรรมจราจร,ปกติ,13.751491,100.496409
178,190,ซอยสำราญราษฎร์,มหาไชย - ซอยสำราญราษฎร์,,สำนักงานวิศวกรรมจราจร,ปกติ,13.752703,100.50466
179,192,แฮปปี้แลนด์,ลาดพร้าว- แฮปปี้แลนด์,,สำนักงานวิศวกรรมจราจร,ปกติ,13.768117,100.641985
180,193,เทอดดำริ,เทอดดำริ- ประดิพัทธ์ - กำแพงเพชร 5,,สำนักงานวิศวกรรมจราจร,ปกติ,13.792673,100.535168
181,194,พระราม 9,รัชดาภิเษก- อโศกดินแดง - พระราม 9,,สำนักงานวิศวกรรมจราจร,ปกติ,13.75634,100.564954
182,195,ประชาชื่น,ประชาชื่น- ประชาราษฎร์สาย 2,,สำนักงานวิศวกรรมจราจร,ปกติ,13.805719,100.533148
183,196,ราชดำริ,ราชดำริ - สารสิน,,สำนักงานวิศวกรรมจราจร,ปกติ,13.734442,100.538663
184,197,หลังสวน,สารสิน - หลังสวน,,สำนักงานวิศวกรรมจราจร,ปกติ,13.734395,100.542294
185,198,สารสิน,วิทยุ - สารสิน - ซ.ร่วมฤดี,,สำนักงานวิศวกรรมจราจร,ปกติ,13.734141,100.545775
186,199,ณ ระนอง,รัชดาภิเษก- สุนทรโกษา - ณ ระนอง,,สำนักงานวิศวกรรมจราจร,ปกติ,13.717879,100.558118
187,201,เสนานิคม,พหลโยธิน- เสนานิคม 1,,สำนักงานวิศวกรรมจราจร,ปกติ,13.834235,100.572114
188,202,อ่อนนุช 17,ซอยอ่อนนุช- อ่อนนุช ซอย 17,,สำนักงานวิศวกรรมจราจร,ปกติ,13.711409,100.609953
189,203,พัฒนาการ,สวนหลวง,,สำนักงานวิศวกรรมจราจร,ปกติ,13.735816,100.641054
190,204,ศรีนุช,ศรีนครินทร์ - อ่อนนุช,,สำนักงานวิศวกรรมจราจร,ปกติ,13.713879,100.643354
191,206,ห้วยขวาง,ห้วยขวาง,,สำนักงานวิศวกรรมจราจร,ปกติ,13.778069,100.573678
192,207,รัชดา-สุทธิสาร,ห้วยขวาง,,สำนักงานวิศวกรรมจราจร,ปกติ,13.789806,100.573985
193,208,หมู่บ้านเสรี,บางกะปิ,,สำนักงานวิศวกรรมจราจร,ปกติ,13.75568,100.613516
194,209,มหาดไทย,บางกะปิ,,สำนักงานวิศวกรรมจราจร,ปกติ,13.760463,100.624459
195,210,สมเด็จพระเจ้าตากสิน,ธนบุรี,,สำนักงานวิศวกรรมจราจร,ปกติ,13.720969,100.49118
196,211,นิด้า,บึงกุ่ม,,สำนักงานวิศวกรรมจราจร,ปกติ,13.772096,100.653982
197,212,เจริญนคร,คลองสาน,,สำนักงานวิศวกรรมจราจร,ปกติ,13.72142818,100.5088555
198,214,สาทร-เจริญกรุง (เฉลิมพันธ์),สาทร,,สำนักงานวิศวกรรมจราจร,ปกติ,13.718381,100.515051
199,215,สาทร-สุรศักดิ์,บางรัก,,สำนักงานวิศวกรรมจราจร,ปกติ,13.718958,100.519855
200,216,นราธิวาสราชนครินทร์-สุรวงศ์,บางรัก,,สำนักงานวิศวกรรมจราจร,ปกติ,13.728529,100.526977
201,218,นรารมณ์,บางรัก,ไม่ระบุ,สำนักงานวิศวกรรมจราจร,ปกติ,13.726308,100.528051
202,219,รพ.บางรัก,สาทรเหนือ - ซ.สมาคมโรงเลื่อย,,สำนักงานวิศวกรรมจราจร,ปกติ,13.721255,100.527618
203,220,นรินทร,สาทรเหนือ-ใต้ / นราธิวาสราชนครินทร์,,สำนักงานวิศวกรรมจราจร,ปกติ,13.722097,100.530362
204,221,สาทร-พิพัฒน์,สาทรเหนือ-พิพัฒน์ 2,,สำนักงานวิศวกรรมจราจร,ปกติ,13.723153,100.53396
205,222,สาทร-คอนแวนต์,บางรัก,,สำนักงานวิศวกรรมจราจร,ปกติ,13.723489,100.53524
206,223,รัชนนทรี,นราธิวาสราชนครินทร์ - รัชดาภิเษก,,สำนักงานวิศวกรรมจราจร,ปกติ,13.701073,100.541388
207,224,วาย เอ็ม ซี เอ,สาทรเหนือ-สาทรใต้(สมาคมฝรั่งเศส),,สำนักงานวิศวกรรมจราจร,ปกติ,13.723813,100.536535
208,225,วงเวียนใหญ่,สมเด็จพระเจ้าตากสิน,,สำนักงานวิศวกรรมจราจร,ปกติ,13.725485,100.492845
209,226,วงเวียนใหญ่,ประชาธิปก,,สำนักงานวิศวกรรมจราจร,ปกติ,13.726516,100.492388
210,227,อ.ประชาธิปไตย,ราชดำเนินกลาง -  ดินสอ,,สำนักงานวิศวกรรมจราจร,ปกติ,13.756953,100.501865
211,229,พระราม 9 ใหม่,พระราม 9 - เพชรพระราม,,สำนักงานวิศวกรรมจราจร,ปกติ,13.749519,100.599206
212,230,หพล 2,พญาไท,,สำนักงานวิศวกรรมจราจร,ปกติ,13.77559,100.543275
213,231,ภาวนา,ห้วยขวาง,,สำนักงานวิศวกรรมจราจร,ปกติ,13.800997,100.58324
214,232,บรรทัดทอง,บรรทัดทอง-จรัสเมือง,,สำนักงานวิศวกรรมจราจร,ปกติ,13.742328,100.522827
215,233,สวรรคโลก,สวรรคโลก - สุโขทัย - สุคันธาราม,,สำนักงานวิศวกรรมจราจร,ปกติ,13.774527,100.527342
216,234,สามเสน,เทอดดำริ - นครไชยศรี - สวรรคโลก,,สำนักงานวิศวกรรมจราจร,ปกติ,13.77614,100.528433
217,235,เศรษฐศิริ,เทอดดำริ - ซอยเศรษฐศิริ,,สำนักงานวิศวกรรมจราจร,ปกติ,13.781589,100.530511
218,237,สุขุมวิท 11,สุขุมวิท 11 - สุขุมวิท,,สำนักงานวิศวกรรมจราจร,ปกติ,13.740213,100.556199
219,239,ด่วนพระราม 3,"พระรามที่ 3, ถนนเลียบทางด่วน/รัชดาภิเษก",,สำนักงานวิศวกรรมจราจร,ปกติ,13.686365,100.520278
220,240,ด่วนสาธุ (เชื่อม 723),สาธุประดิษฐ์ - รัชดาภิเษก,,สำนักงานวิศวกรรมจราจร,ปกติ,13.694743,100.533022
221,241,ด่วนนางลิ้นจี่,ยานนาวา,,สำนักงานวิศวกรรมจราจร,ปกติ,13.705152,100.544459
222,242,ซอยอมร,สาทร,,สำนักงานวิศวกรรมจราจร,ปกติ,13.707099,100.543798
223,243,จันทน์-นราธิวาส,สาทร,,สำนักงานวิศวกรรมจราจร,ปกติ,13.70752,100.537801
224,244,เทคนิคกรุงเทพ,นางลิ้นจี่-อาคารสงเคราะห์,,สำนักงานวิศวกรรมจราจร,ปกติ,13.714349,100.53977
225,246,โชคชัย 4,วังทองหลาง,,สำนักงานวิศวกรรมจราจร,ปกติ,13.794425,100.594584
226,247,จันทิมา,วังทองหลาง,,สำนักงานวิศวกรรมจราจร,ปกติ,13.788329,100.605141
227,248,สวนสน,บางกะปิ,ไม่ระบุ,สำนักงานวิศวกรรมจราจร,ปกติ,13.763366,100.649047
228,249,มหาดไทย - ลาดพร้าว,ลาดพร้าว- ซอยลาดพร้าว 122,,สำนักงานวิศวกรรมจราจร,ปกติ,13.778381,100.623008
229,250,พาณิชย์ธนฯ,บางกอกใหญ่,,สำนักงานวิศวกรรมจราจร,ปกติ,13.741375,100.47039
230,251,พร้อมพงษ์,ห้วยขวาง,,สำนักงานวิศวกรรมจราจร,ปกติ,13.730732,100.569671
231,253,ประชานิเวศน์,"ประชาชื่น, เทศบาลสงเคราะห์",,สำนักงานวิศวกรรมจราจร,ปกติ,13.839942,100.541636
232,254,อนุสาวรีย์ชัยสมรภูมิ(พหล),ราชเทวี,,สำนักงานวิศวกรรมจราจร,ปกติ,13.765782,100.538857
233,255,อนุสาวรีย์ชัยสมรภูมิ(ราชวิถี ออก),ราชเทวี,,สำนักงานวิศวกรรมจราจร,ปกติ,13.764844,100.539018
234,256,อนุสาวรีย์ชัยสมรภูมิ (พญาไท),ราชเทวี,,สำนักงานวิศวกรรมจราจร,ปกติ,13.764062,100.537891
235,257,อนุสาวรีย์ชัยสมรภูมิ (ราชวิถี ตก),ราชเทวี,,สำนักงานวิศวกรรมจราจร,ปกติ,13.765562,100.537183
236,258,บางแค,บางแค,,สำนักงานวิศวกรรมจราจร,ปกติ,13.711869,100.420677
237,259,พุทธมณฑลสาย 2,"เพชรเกษม, พุทธมณฑลสาย 2",,สำนักงานวิศวกรรมจราจร,ปกติ,13.709885,100.39578
238,260,ม. เศรษฐกิจ,บางแค,,สำนักงานวิศวกรรมจราจร,ปกติ,13.708333,100.377531
239,261,ตากสิน 37,ธนบุรี,,สำนักงานวิศวกรรมจราจร,ปกติ,13.69796,100.483565
240,262,การท่าเรือ,ทางรถไฟสายปากน้ำ- ทางเข้าการท่าเรือ,,สำนักงานวิศวกรรมจราจร,ปกติ,13.711029,100.563575
241,265,สะพานดำ,พญาไท,,สำนักงานวิศวกรรมจราจร,ปกติ,13.797273,100.538376
242,266,ทรัพย์ - สุรวงศ์,ทรัพย์- สุรวงศ์,,สำนักงานวิศวกรรมจราจร,ปกติ,13.729183,100.528141
243,267,พร้อมศรี,ซอยสุขุมวิท 39- ซอยพร้อมศรี 1,,สำนักงานวิศวกรรมจราจร,ปกติ,13.736586,100.571739
244,268,ผังเมือง,ห้วยขวาง,,สำนักงานวิศวกรรมจราจร,ปกติ,13.755741,100.573383
245,271,ด่วนโรงปูน (ด่วนกำแพงเพชร),จตุจักร,,สำนักงานวิศวกรรมจราจร,ปกติ,13.744145,100.597054
246,272,เพชรเกษม  69,"เพชรเกษม, เพชรเกษม 69",,สำนักงานวิศวกรรมจราจร,ปกติ,13.707807,100.373773
247,273,เพชรเกษม 81,"เพชรเกษม, เพชรเกษม 81",,สำนักงานวิศวกรรมจราจร,ปกติ,13.708432,100.376099
248,274,ภาษีเจริญเหนือ,หนองแขม,,สำนักงานวิศวกรรมจราจร,ปกติ,13.678433,100.345296
249,275,หนองแขม,หนองแขม,,สำนักงานวิศวกรรมจราจร,ปกติ,13.678336,100.345294
250,277,เทศบาลนิมิตร,จตุจักร,,สำนักงานวิศวกรรมจราจร,ปกติ,13.842795,100.547536
251,278,ลาดพร้าว 101,บางกะปิ,,สำนักงานวิศวกรรมจราจร,ปกติ,13.775081,100.629206
252,279,เจ้าคุณทหาร,เจ้าคุณทหาร- ฉลองกรุง,,สำนักงานวิศวกรรมจราจร,ปกติ,13.750505,100.794153
253,280,ศูนย์วิจัยเหนือ,ห้วยขวาง,,สำนักงานวิศวกรรมจราจร,ปกติ,13.75287,100.588841
254,281,วัดราษฎร์บูรณะ,ราษฎร์บูรณะ - ราษฏร์พัฒนา,,สำนักงานวิศวกรรมจราจร,ปกติ,13.682034,100.503935
255,282,ร.พ.ทหารเรือ,ธนบุรี,,สำนักงานวิศวกรรมจราจร,ปกติ,13.70992,100.487602
256,284,โรงไม้,สตรีวิทยา 2 - ซอยนาคนิวาส,,สำนักงานวิศวกรรมจราจร,ปกติ,13.821626,100.608925
257,285,กรุงเทพกรีฑา,ศรีนครินทร์ - กรุงเทพกรีฑา,,สำนักงานวิศวกรรมจราจร,ปกติ,13.752179,100.645287
258,286,เทียมร่วมมิตร,ห้วยขวาง,,สำนักงานวิศวกรรมจราจร,ปกติ,13.769732,100.572798
259,287,นาหลวง,ประชาอุทิศ - พุทธบูชา,,สำนักงานวิศวกรรมจราจร,ปกติ,13.64719,100.495717
260,288,เพชรเกษม-พุทธมณฑลสาย 1,ภาษีเจริญ,,สำนักงานวิศวกรรมจราจร,ปกติ,13.712633,100.428358
261,289,ตลาดวงศ์กร,สายไหม - เฉลิมพงษ์,,สำนักงานวิศวกรรมจราจร,ปกติ,13.921484,100.683749
262,290,ทองหล่อเหนือ,ห้วยขวาง,,สำนักงานวิศวกรรมจราจร,ปกติ,13.744389,100.586095
263,291,สามัคคี,หลักสี่,,สำนักงานวิศวกรรมจราจร,ปกติ,13.880991,100.540026
264,292,อุทยาน/อักษะ,ทวีวัฒนา,,สำนักงานวิศวกรรมจราจร,ปกติ,13.778466,100.363563
265,293,สายน้ำผึ้ง,สุขุมวิท- ซอยสุขุมวิท 22/31,,สำนักงานวิศวกรรมจราจร,ปกติ,13.733857,100.565194
266,294,ม.กรุงเทพ,พระรามที่ 4- ซอยบ้านกล้วยใต้,,สำนักงานวิศวกรรมจราจร,ปกติ,13.713289,100.580586
267,295,ประชาราษฎร์,บางซื่อ,,สำนักงานวิศวกรรมจราจร,ปกติ,13.81554,100.515241
268,296,พิบูลสงคราม,บางซื่อ,,สำนักงานวิศวกรรมจราจร,ปกติ,13.818339,100.515199
269,297,มารยาทดี (ด่วนสาย 1),ห้วยขวาง,,สำนักงานวิศวกรรมจราจร,ปกติ,13.751906,100.569181
270,299,นิมิตใหม่,นิมิตใหม่ - หทัยมิตร,,สำนักงานวิศวกรรมจราจร,ปกติ,13.820396,100.741342
271,307,อิสรภาพ - อิสรภาพ 39,บางกอกน้อย,,สำนักงานวิศวกรรมจราจร,ปกติ,13.75223,100.478008
272,312,เย็นอากาศ,จันทน์ - นางลิ้นจี่-เย็นอากาศ,,สำนักงานวิศวกรรมจราจร,ปกติ,13.710271,100.541956
273,322,บางนา,สุขุมวิท- บางนา-ตราด/สรรพาวุธ,,สำนักงานวิศวกรรมจราจร,ปกติ,13.673672,100.608518
274,323,ลาซาล,สุขุมวิท- ซอยลาซาล (สุขุมวิท 105),,สำนักงานวิศวกรรมจราจร,ปกติ,13.65625,100.642077
275,326,ศรีอุดม,ศรีนครินทร์ - ซอยอุดมสุข,,สำนักงานวิศวกรรมจราจร,ปกติ,13.677735,100.645922
276,327,พาราไดช์,ศรีนครินทร์- ซอยสุภาพงษ์,,สำนักงานวิศวกรรมจราจร,ปกติ,13.689456,100.646705
277,329,อ่อนนุช 46,ซอยอ่อนนุช- อ่อนนุช ซอย 46,,สำนักงานวิศวกรรมจราจร,ปกติ,13.710804,100.634385
278,338,วัดเทพลีลา,รามคำแหง- ซอยรามคำแหง 39,,สำนักงานวิศวกรรมจราจร,ปกติ,13.757717,100.615746
279,343,ลาดพร้าว,จตุจักร,,สำนักงานวิศวกรรมจราจร,ปกติ,13.813431,100.560184
280,346,วงเวียนอนุสาวรีย์หลักสี่,บางเขน,,สำนักงานวิศวกรรมจราจร,ปกติ,13.875679,100.597243
281,347,เพชรระนอง,เทอดดำริ - ซอยระนอง 1- กำแพงเพชร 5,,สำนักงานวิศวกรรมจราจร,ปกติ,13.787185,100.53277
282,349,วัดประชา,พระรามที่ 5 - ซอยระนอง 1,,สำนักงานวิศวกรรมจราจร,ปกติ,13.789501,100.527627
283,351,อำนวยสงคราม,พิชัย - อำนวยสงคราม,,สำนักงานวิศวกรรมจราจร,ปกติ,13.785933,100.520177
284,359,เมืองทอง 1,หลักสี่,,สำนักงานวิศวกรรมจราจร,ปกติ,13.893081,100.560878
285,363,ลาดปลาเค้า,รามอินทรา - ลาดปลาเค้า,,สำนักงานวิศวกรรมจราจร,ปกติ,13.864345,100.614584
286,364,นวมินทร์ (กม. 8),คันนายาว,,สำนักงานวิศวกรรมจราจร,ปกติ,13.838814,100.662534
287,365,นวลจันทร์,รามอินทรา - นวลจันทร์,,สำนักงานวิศวกรรมจราจร,ปกติ,13.839713,100.634704
288,367,หมอชิต 2,จตุจักร,,สำนักงานวิศวกรรมจราจร,ปกติ,13.811888,100.549741
289,368,สะพานสุทธิสาร,ดินแดง,,สำนักงานวิศวกรรมจราจร,ปกติ,13.789457,100.561708
290,371,เกตุนุช,วังทองหลาง,,สำนักงานวิศวกรรมจราจร,ปกติ,13.791718,100.599753
291,373,เอี่ยมสมบุญ,วังทองหลาง,,สำนักงานวิศวกรรมจราจร,ปกติ,13.78139,100.618123
292,374,สุขาแฮปปี้,นวมินทร์ - แฮปปี้แลนด์,,สำนักงานวิศวกรรมจราจร,ปกติ,13.780565,100.644684
293,387,สี่พระยา-มหานคร/มหาเศรษฐ์,สี่พระยา - มหานคร/มหาเศรษฐ์,,สำนักงานวิศวกรรมจราจร,ปกติ,13.730624,100.518171
294,389,สุรศักดิ์-มเหสักข์,สุรวงศ์-มเหสักข์/มหาเศรษฐ์,,สำนักงานวิศวกรรมจราจร,ปกติ,13.726039,100.518863
295,391,บรรทัดทอง-ซอย จุฬา 12,บรรทัดทอง- ซอยจุฬาลงกรณ์ 12,,สำนักงานวิศวกรรมจราจร,ปกติ,13.743897,100.523163
296,395,มีสทีน,รามคำแหง - ราษฎร์พัฒนา,,สำนักงานวิศวกรรมจราจร,ปกติ,13.755415,100.61357
297,396,สุภาพงษ์,รามคำแหง- ซอยสุภาพงษ์ (เทคโนบางกะปิ),,สำนักงานวิศวกรรมจราจร,ปกติ,13.766574,100.656403
298,397,บางแวก,ทวีวัฒนา,,สำนักงานวิศวกรรมจราจร,ปกติ,13.744834,100.395259
299,399,เทพประชา (ศรีวรา),วังทองหลาง,,สำนักงานวิศวกรรมจราจร,ปกติ,13.766387,100.603491
300,400,วัชรพล-รัตนโกสินทร์,วัชรพล - รัตนโกสินทร์,,สำนักงานวิศวกรรมจราจร,ปกติ,13.871607,100.643915
301,401,อินทราปัจ,หนองแขม,,สำนักงานวิศวกรรมจราจร,ปกติ,13.693183,100.380657
302,402,สนข.บางซื่อ,บางซื่อ,,สำนักงานวิศวกรรมจราจร,ปกติ,13.816904,100.536353
303,405,จันทน์-เจริญราษฎร์,จันทน์ - เจริญราษฎร์,,สำนักงานวิศวกรรมจราจร,ปกติ,13.707855,100.518619
304,406,พระราม 3-เจริญราษฎร์,พระรามที่ 3 - เจริญราษฎร์,,สำนักงานวิศวกรรมจราจร,ปกติ,13.689885,100.509401
305,407,พัฒนาการ 25,ถาวรธวัช (อู่ 92) - พัฒนาการ,,สำนักงานวิศวกรรมจราจร,ปกติ,13.736595,100.61636
306,408,รามศูนย์,พระราม 9 - ประดิษฐ์มนูญธรรม,,สำนักงานวิศวกรรมจราจร,ปกติ,13.750878,100.593068
307,410,ใต้ด่วนพัฒนาการ,สวนหลวง,,สำนักงานวิศวกรรมจราจร,ปกติ,13.739637,100.604567
308,411,ซอยโพธิ์แก้ว,นวมินทร์ -  ซอยโพธิ์แก้ว,,สำนักงานวิศวกรรมจราจร,ปกติ,13.801956,100.647961
309,413,พระราม 3 ซอย 57,พระรามที่ 3- ซอยพระรามที่ 3 ซอย 57,,สำนักงานวิศวกรรมจราจร,ปกติ,13.678381,100.546512
310,414,วงแหวนอุตสาหกรรม,ยานนาวา,,สำนักงานวิศวกรรมจราจร,ปกติ,13.672977,100.538581
311,415,ลำกระโหลก,ปัญญาอินทรา- พระยาสุเรนทร์,,สำนักงานวิศวกรรมจราจร,ปกติ,13.858925,100.693175
312,417,บางบอน 5,บางบอน,,สำนักงานวิศวกรรมจราจร,ปกติ,13.638761,100.371803
313,418,ประเวศ,อ่อนนุช-ลาดกระบัง - เฉลิมพระเกียรติ ร. 9/สุขาภิบาล 2,,สำนักงานวิศวกรรมจราจร,ปกติ,13.721671,100.697837
314,419,อ่อนนุช-ร่มเกล้า,อ่อนนุช-ลาดกระบัง - ร่มเกล้า,,สำนักงานวิศวกรรมจราจร,ปกติ,13.72744,100.746597
315,421,วัดมะกอก,บรมราชชนนี - ฉิมพลี,,สำนักงานวิศวกรรมจราจร,ปกติ,13.780587,100.430317
316,424,อำนวยสงคราม-ร่วมจิตร,อำนวยสงคราม - ร่วมจิตร,,สำนักงานวิศวกรรมจราจร,ปกติ,13.785922,100.520189
317,425,วัดสน,สุขสวัสดิ์ - สุขสวัสดิ์ 35,,สำนักงานวิศวกรรมจราจร,ปกติ,13.668823,100.513508
318,427,เพชรเกษม 104,เพชรเกษม - เพชรเกษม 104,,สำนักงานวิศวกรรมจราจร,ปกติ,13.707072,100.360186
319,428,ด่วนสีลม,สีลม- ทางด่วนเฉลิม,,สำนักงานวิศวกรรมจราจร,ปกติ,13.722717,100.518181
320,429,ด่วนสุรวงศ์,สุรวงศ์ - ทางด่วนเฉลิม,,สำนักงานวิศวกรรมจราจร,ปกติ,13.725592,100.517662
321,432,เอกมัยเหนือ,ห้วยขวาง,,สำนักงานวิศวกรรมจราจร,ปกติ,13.720193,100.584468
322,433,เอกมัยใต้-เพชรบุรี,ห้วยขวาง,อื่นๆ,สำนักงานวิศวกรรมจราจร,ปกติ,13.74321,100.58965
323,434,ประชาธรรม,วังทองหลาง,,สำนักงานวิศวกรรมจราจร,ปกติ,13.76711,100.601945
324,435,บ้านม้า,รามคำแหง- ศรีบูรพา,,สำนักงานวิศวกรรมจราจร,ปกติ,13.76784,100.657561
325,436,บางชัน,เสรีไทย- มีนพัฒนา,,สำนักงานวิศวกรรมจราจร,ปกติ,13.805524,100.712229
326,437,ลาดบัวขาว,รามคำแหง - มีนพัฒนา,,สำนักงานวิศวกรรมจราจร,ปกติ,13.799782,100.7156
327,438,ราษฎร์พัฒนา,สุขสวัสดิ์ - ราษฎร์พัฒนา,,สำนักงานวิศวกรรมจราจร,ปกติ,13.595166,100.331434
328,440,ประชาอุทิศ,สุขสวัสดิ์ - ประชาอุทิศ,,สำนักงานวิศวกรรมจราจร,ปกติ,13.673308,100.506551
329,441,รามคำแหง 26,รามคำแหง- รามคำแหง 26,,สำนักงานวิศวกรรมจราจร,ปกติ,13.760789,100.629741
330,442,วัดสิงห์,เอกชัย - เอกชัย 36,,สำนักงานวิศวกรรมจราจร,ปกติ,13.685261,100.445637
331,443,เฉลิมพระเกียรติ ร.9 ซอย 28-เฉลิมพระเกียรติ ร.9 แยก 5,เฉลิมพระเกียรติ ร.9 ซอย 28- เฉลิมพระเกียรติ ร.9 ซอย 28 แยก 5,,สำนักงานวิศวกรรมจราจร,ปกติ,13.679798,100.676008
332,444,เฉลิมพระเกียรติ ร.9 ซอย 28-เฉลิมพระเกียรติ ร.9 ซอย 28 แยก 14,เฉลิมพระเกียรติ ร.9 ซอย 28- เฉลิมพระเกียรติ ร.9 ซอย 28 แยก 14,,สำนักงานวิศวกรรมจราจร,ปกติ,13.670695,100.675164
333,445,รามคำแหง 2-วัดทุ่งเศรษฐี,รามคำแหง 2- ซอยวัดทุ่งเศรษฐี,,สำนักงานวิศวกรรมจราจร,ปกติ,13.671634,100.684752
334,446,RCA,ห้วยขวาง,,สำนักงานวิศวกรรมจราจร,ปกติ,13.746106,100.584645
335,447,ด่วน กม.11,จตุจักร,,สำนักงานวิศวกรรมจราจร,ปกติ,13.847963,100.645697
336,448,ตลาดใหม่ดอนเมือง,ดอนเมือง,,สำนักงานวิศวกรรมจราจร,ปกติ,13.914946,100.597839
337,449,สน.ดอนเมือง,ดอนเมือง,,สำนักงานวิศวกรรมจราจร,ปกติ,13.934481,100.608024
338,452,ศรีนครินทร์,ศรีนครินทร์ - สุขุมวิท 105 (ลาซาล),,สำนักงานวิศวกรรมจราจร,ปกติ,13.656442,100.64233
339,453,สตรีวิทยา 2,ลาดพร้าว,,สำนักงานวิศวกรรมจราจร,ปกติ,13.820888,100.596328
340,454,นิคมมักกะสัน,ราชเทวี,,สำนักงานวิศวกรรมจราจร,ปกติ,13.751799,100.554891
341,455,หน้าสถานทูตญี่ปุ่น,วิทยุ- ทางเข้าสถานทูตญี่ปุ่น,,สำนักงานวิศวกรรมจราจร,ปกติ,13.729057,100.545062
342,456,หน้าสวนลุมไทน์พลาซ่า(เดิม),วิทยุ - ทางเข้าสวนลุมไนท์พลาซ่า (เดิม),,สำนักงานวิศวกรรมจราจร,ปกติ,13.729797,100.54537
343,457,หน้าวังสระปทุม,พญาไท - ทางเข้าวังสระปทุม,,สำนักงานวิศวกรรมจราจร,ปกติ,13.748047,100.531076
344,458,ยานเกราะ,สามเสน - ทางเข้าออกทหารยานเกราะ,,สำนักงานวิศวกรรมจราจร,ปกติ,13.795452,100.519319
345,459,ลงด่วนประชานุกูล,บางซื่อ,,สำนักงานวิศวกรรมจราจร,ปกติ,13.830452,100.541372
346,460,วัดพุทธสยาม,ดอนเมือง,,สำนักงานวิศวกรรมจราจร,ปกติ,13.932751,100.567904
347,461,พลาธิการ ทอ.,ดอนเมือง,,สำนักงานวิศวกรรมจราจร,ปกติ,13.89921,100.610803
348,462,ช่องทางกองบิน 6/รพ. ภูมิพล,ดอนเมือง,,สำนักงานวิศวกรรมจราจร,ปกติ,13.919494,100.622498
349,463,รร. ฤทธิยะวรรณาลัย,ดอนเมือง,,สำนักงานวิศวกรรมจราจร,ปกติ,13.915676,100.620554
350,464,รร. นายเรืออากาศ (ค.ป.อ.),พหลโยธิน - จันทรุเบกษา,,สำนักงานวิศวกรรมจราจร,ปกติ,13.923472,100.625135
351,465,ต่างระดับเสรีไทย (ตะวันตก),เสรีไทย - วงแหวนตะวันออก,,สำนักงานวิศวกรรมจราจร,ปกติ,13.791328,100.682232
352,466,"ต่างระดับเสรีไทย (ตะวันออก) ,พานาโซนิก",เสรีไทย - วงแหวนตะวันออก,,สำนักงานวิศวกรรมจราจร,ปกติ,13.792443,100.68397
353,467,ต่างระดับสุขาภิบาล 3 (ตะวันตก),รามคำแหง - วงแหวนตะวันออก,,สำนักงานวิศวกรรมจราจร,ปกติ,13.781373,100.683287
354,468,ต่างระดับสุขาภิบาล 3 (ตะวันออก),รามคำแหง - วงแหวนตะวันออก,,สำนักงานวิศวกรรมจราจร,ปกติ,13.783817,100.687347
355,469,ต่างระดับอ่อนนุช (มาสด้า),อ่อนนุช- วงแหวนตะวันออก,,สำนักงานวิศวกรรมจราจร,ปกติ,13.721756,100.700615
356,470,สถานทูตอเมริกัน,วิทยุ - ทางเข้าสถานทูตอเมริกัน,,สำนักงานวิศวกรรมจราจร,ปกติ,13.736223,100.546352
357,471,สุวินทวงศ์,มีนบุรี,,สำนักงานวิศวกรรมจราจร,ปกติ,13.816555,100.74423
358,472,อิสรภาพ 44,บางกอกน้อย,,สำนักงานวิศวกรรมจราจร,ปกติ,13.752393,100.483354
359,473,กระทรวงแรงงาน,ดินแดง,,สำนักงานวิศวกรรมจราจร,ปกติ,13.765417,100.550172
360,474,ปูนซิเมนต์ (สถานีรถไฟบางซื่อ),บางซื่อ,,สำนักงานวิศวกรรมจราจร,ปกติ,13.803029,100.539157
361,475,รพ. นพรัตน์,คันนายาว,,สำนักงานวิศวกรรมจราจร,ปกติ,13.814816,100.687631
362,476,เมืองมีน,รามอินทรา - เสรีไทย/สีหบูรานกิจ,,สำนักงานวิศวกรรมจราจร,ปกติ,13.812992,100.717328
363,477,ร่มเกล้า,ร่มเกล้า - รามคำแหง,,สำนักงานวิศวกรรมจราจร,ปกติ,13.812349,100.736874
364,478,เคหะร่มเกล้า,ร่มเกล้า - เคหะร่มเกล้า,,สำนักงานวิศวกรรมจราจร,ปกติ,13.774196,100.746351
365,479,สุวินทวงศ์-นิมิตใหม่,สุวินทวงศ์- นิมิตใหม่,,สำนักงานวิศวกรรมจราจร,ปกติ,13.820448,100.741959
366,480,การเคหะ (ที่ดินบางกะปิ),นวมินทร์- ศรีบูรพา,,สำนักงานวิศวกรรมจราจร,ปกติ,13.784039,100.647537
367,481,หมู่บ้านสหกรณ์,บึงกุ่ม,,สำนักงานวิศวกรรมจราจร,ปกติ,13.786009,100.675352
368,482,สวนสยาม,เสรีไทย - สวนสยาม,,สำนักงานวิศวกรรมจราจร,ปกติ,13.795622,100.691204
369,483,มัยลาภ,บางเขน,,สำนักงานวิศวกรรมจราจร,ปกติ,13.855696,100.631409
370,484,พรีเมียร์ (หมู่บ้านเสรี 2),พระราม 9 - พระราม 9 ซอย 41/พระราม9 ซอย 46,,สำนักงานวิศวกรรมจราจร,ปกติ,13.740796,100.625997
371,485,ซอยพระยามนธาตุ,บางบอน,,สำนักงานวิศวกรรมจราจร,ปกติ,13.668798,100.427634
372,486,หน้าเดอะมอล์บางแค,บางแค,,สำนักงานวิศวกรรมจราจร,ปกติ,13.710984,100.409218
373,487,บ.วีเหลี่ยม (เพชรเกษม 88),บางแค,,สำนักงานวิศวกรรมจราจร,ปกติ,13.710561,100.40306
374,488,สะแกงาม (ตลาดมีสุข),บางขุนเทียน,,สำนักงานวิศวกรรมจราจร,ปกติ,13.629733,100.433912
375,489,บางขุนเทียน-บางบอน,เอกชัย - บางขุนเทียน/บางบอน 1,,สำนักงานวิศวกรรมจราจร,ปกติ,13.674724,100.427079
376,490,ซอยแบริ่ง,สุขุมวิท- ซอยสุขุมวิท 107,,สำนักงานวิศวกรรมจราจร,ปกติ,13.658828,100.600764
377,491,วัดหลักสี่,หลักสี่,,สำนักงานวิศวกรรมจราจร,ปกติ,13.888558,100.58334
378,492,ตลาด อตก.,พญาไท,,สำนักงานวิศวกรรมจราจร,ปกติ,13.797844,100.548387
379,494,สาธุ 44,ยานนาวา,,สำนักงานวิศวกรรมจราจร,ปกติ,13.689641,100.533873
380,495,สุขุม 24 (เอ็มโพเรี่ยม),วัฒนา,,สำนักงานวิศวกรรมจราจร,ปกติ,13.730275,100.569696
381,497,วัดเสมียนนารี,จตุจักร,,สำนักงานวิศวกรรมจราจร,ปกติ,13.838895,100.55594
382,498,บางเขน (2),จตุจักร,,สำนักงานวิศวกรรมจราจร,ปกติ,13.84801,100.560909
383,499,นอร์ธปาร์ค,ดอนเมือง,,สำนักงานวิศวกรรมจราจร,ปกติ,13.867301,100.571166
384,500,หลักสี่พลาซ่า,หลักสี่,,สำนักงานวิศวกรรมจราจร,ปกติ,13.884597,100.581274
385,600,สวนแสงธรรม,บางแค,,สำนักงานวิศวกรรมจราจร,ปกติ,13.748086,100.363738
386,601,ทวีวัฒนา,ทวีวัฒนา,,สำนักงานวิศวกรรมจราจร,ปกติ,13.787873,100.363837
387,602,ริมสวัสดิ์,ทวีวัฒนา,,สำนักงานวิศวกรรมจราจร,ปกติ,13.765262,100.363748
388,603,สมาคมชาวปักษ์ใต้,ทวีวัฒนา,,สำนักงานวิศวกรรมจราจร,ปกติ,13.766033,100.395145
389,604,สนามกีฬาพาณิชย์ฯ,ทวีวัฒนา,,สำนักงานวิศวกรรมจราจร,ปกติ,13.756539,100.395007
390,605,ชักพระ,ตลิ่งชัน,,สำนักงานวิศวกรรมจราจร,ปกติ,13.781565,100.464721
391,606,สนามหลวง 2,ทวีวัฒนา,,สำนักงานวิศวกรรมจราจร,ปกติ,13.746195,100.35499
392,607,กอบแก้ว,ทวีวัฒนา,,สำนักงานวิศวกรรมจราจร,ปกติ,13.771555,100.395055
393,608,วัดบุญประดิษฐ์,บางแค,,สำนักงานวิศวกรรมจราจร,ปกติ,13.724351,100.395516
394,609,หนองใหญ่,บางแค,,สำนักงานวิศวกรรมจราจร,ปกติ,13.695046,100.422035
395,610,ต่างระดับตลาดพลู,รัชดาภิเษก - ต่างระดับตลาดพลู,,สำนักงานวิศวกรรมจราจร,ปกติ,13.72115,100.477178
396,398,ต่างระดับวุฒากาศ,ธนบุรี,,สำนักงานวิศวกรรมจราจร,ปกติ,13.713358,100.468696
397,613,ทุ่งครุ,ทุ่งครุ/ครุใน,สัญญาณไฟจราจรลักษณะเสาสูง,สำนักงานวิศวกรรมจราจร,ปกติ,13.622405,100.510309
398,615,วังทวีวัฒนา,ทวีวัฒนา,,สำนักงานวิศวกรรมจราจร,ปกติ,13.777723,100.340128
399,616,สุภาพบุรุษ,ทวีวัฒนา,,สำนักงานวิศวกรรมจราจร,ปกติ,13.77802,100.340042
400,619,จุดกลับรถดับเพลิงบางอ้อ,บางพลัด,,สำนักงานวิศวกรรมจราจร,ปกติ,13.803368,100.511956
401,620,บางแวก-สาย 1,ภาษีเจริญ,,สำนักงานวิศวกรรมจราจร,ปกติ,13.740652,100.427473
402,621,คุ้มคำ,บางแค,,สำนักงานวิศวกรรมจราจร,ปกติ,13.734941,100.363681
403,622,บ้านเนิน,บางกอกน้อย,,สำนักงานวิศวกรรมจราจร,ปกติ,13.735202,100.363638
404,623,ฉิมพลี,เลียบทางรถไฟ,,สำนักงานวิศวกรรมจราจร,ปกติ,13.779342,100.451984
405,624,สวนผัก,ตลิ่งชัน,,สำนักงานวิศวกรรมจราจร,ปกติ,13.793544,100.426185
406,625,ใต้ด่วนซอยสุขสวัสดิ์ 26,ราษฎร์บูรณะ,,สำนักงานวิศวกรรมจราจร,ปกติ,13.673676,100.486739
407,626,ใต้ด่วนซอยสุขสวัสดิ์ 30,ราษฎร์บูรณะ,,สำนักงานวิศวกรรมจราจร,ปกติ,13.671516,100.493057
408,627,ใต้ด่วนประชาอุทิศ,ราษฎร์บูรณะ,,สำนักงานวิศวกรรมจราจร,ปกติ,13.670284,100.505454
409,628,ประชาอุทิศ 90-วัดคลองสวน,ทุ่งครุ,,สำนักงานวิศวกรรมจราจร,ปกติ,13.607888,100.506934
410,629,ท่าข้าม-ท่าข้าม 7,บางขุนเทียน,,สำนักงานวิศวกรรมจราจร,ปกติ,13.652191,100.443424
411,630,นิจกาจ,จอมทอง,,สำนักงานวิศวกรรมจราจร,ปกติ,13.694217,100.437492
412,631,ต่างระดับสุขาภิบาล 1,บางแค,,สำนักงานวิศวกรรมจราจร,ปกติ,13.683357,100.409285
413,632,เพชรเกษม-ราชพฤกษ์,เพชรเกษม/ราชพฤกษ์,,สำนักงานวิศวกรรมจราจร,ปกติ,13.720877,100.45822
414,633,ต่างระดับบางแวก,ภาษีเจริญ,,สำนักงานวิศวกรรมจราจร,ปกติ,13.73774,100.44733
415,701,แฟลตการท่าอากาศ,หลักสี่,,สำนักงานวิศวกรรมจราจร,ปกติ,13.878429,100.577416
416,704,หมู่บ้านเสรีอ่อนนุช,อ่อนนุช - ซ. หมู่บ้านเสรี,,สำนักงานวิศวกรรมจราจร,ปกติ,13.878429,100.577416
417,705,ลาดกระบัง 54,"อ่อนนุช-ลาดกระบัง, ซอยลาดกระบัง 54",,สำนักงานวิศวกรรมจราจร,ปกติ,13.72192,100.785373
418,708,อ.ส.ม.ท.,ห้วยขวาง,,สำนักงานวิศวกรรมจราจร,ปกติ,13.756001,100.569784
419,709,รามคำแหง 24-ซอยถาวรธวัช,รามคำแหง 24- ซอยถาวรธวัช,,สำนักงานวิศวกรรมจราจร,ปกติ,13.752335,100.618126
420,710,รามคำแหง 24-รามคำแหง 26,บางกะปิ,,สำนักงานวิศวกรรมจราจร,ปกติ,13.754334,100.630508
421,711,กลางซอยลาซาล,ลาซาล - ถนนเชื่อมลาซาล-แบริ่ง,,สำนักงานวิศวกรรมจราจร,ปกติ,13.660733,100.624909
422,712,กลางซอยแบริ่ง,แบริ่ง - ถนนเชื่อมลาซาล-แบริ่ง,,สำนักงานวิศวกรรมจราจร,ปกติ,13.651517,100.619545
423,713,นิคมลาดกระบัง,ฉลองกรุง - ทางข้ามนิคมอุตสาหกรรม,,สำนักงานวิศวกรรมจราจร,ปกติ,13.75606,100.797695
424,714,ผ่องพลอย,สุขุมวิท 105 - ลาซาล 55,,สำนักงานวิศวกรรมจราจร,ปกติ,13.659565,100.629816
425,715,เขตหนองจอก,เชื่อมสัมพันธ์ - เลียบวารี/สังฆสันติสุข,,สำนักงานวิศวกรรมจราจร,ปกติ,13.855238,100.862715
426,716,ทางเข้านิคมกล่อง,เจ้าคุณทหาร- สถานีบรรจุและแยกสินค้ากล่อง,,สำนักงานวิศวกรรมจราจร,ปกติ,13.754328,100.761519
427,717,นิคมฯ บางชัน,มีนบุรี,,สำนักงานวิศวกรรมจราจร,ปกติ,13.801341,100.705063
428,718,ตลาดเกรียงไกร,เคหะร่มเกล้า-หมู่บ้านเคหะร่มเกล้า,,สำนักงานวิศวกรรมจราจร,ปกติ,13.762146,100.729305
429,719,ทางเข้าโรงขยะอ่อนนุช,อ่อนนุช-ลาดกระบัง- อ่อนนุช 86,,สำนักงานวิศวกรรมจราจร,ปกติ,13.720853,100.6901
430,720,รพ.สิรินธร,อ่อนนุช-ลาดกระบัง- อ่อนนุช 90,,สำนักงานวิศวกรรมจราจร,ปกติ,13.721828,100.70697
431,721,ม.เมืองทอง 2/2,พัฒนาการ- พัฒนาการ 61 และ 74,,สำนักงานวิศวกรรมจราจร,ปกติ,13.728225,100.656413
432,722,เฉลิมพระเกียรติ ร. 9  ซอย 28,เฉลิมพระเกียรติ ร.9 - ซ. เฉลิมพระเกียรติ ร. 9 ซอย 28,,สำนักงานวิศวกรรมจราจร,ปกติ,13.685152,100.667194
433,723,เข้าเขตยานนาวา (เชื่อม 240),รัชดาภิเษก - นนทรี,,สำนักงานวิศวกรรมจราจร,ปกติ,13.694974,100.534415
434,725,ตลาดจตุจักร 2,สีหบูรานุกิจ- ทางเข้าจตุจักร 2,,สำนักงานวิศวกรรมจราจร,ปกติ,13.812694,100.725927
435,726,นราธิวาสราชนครินทร์-จุดกลับรถก่อนถึงถนนจันทน์,นราธิวาสราชนครินทร์ - จุดกลับรถก่อนถึงถนนจันทน์,,สำนักงานวิศวกรรมจราจร,ปกติ,13.70852,100.53705
436,727,ต่างระดับหลวงแพ่ง (ตก),หลวงแพ่ง- ทางขึ้นมอร์เตอร์เวย์ (ตะวันตก),,สำนักงานวิศวกรรมจราจร,ปกติ,13.711353,100.818588
437,728,ต่างระดับหลวงแพ่ง (ออก),หลวงแพ่ง-ทางลงมอเตอร์เวย์ (ตะวันออก),,สำนักงานวิศวกรรมจราจร,ปกติ,13.710269,100.821656
438,729,ที่ดินบึงกุ่ม,ราษฎร์พัฒนา- เคหะร่มเกล้า,ไม่ระบุ,สำนักงานวิศวกรรมจราจร,ปกติ,13.774584,100.706215
439,730,วัดราชโกษา,หลวงแพ่ง- ซอยวัดราชโกษา,,สำนักงานวิศวกรรมจราจร,ปกติ,13.697791,100.851243
440,731,วัดสุทธาโภชน์,ฉลองกรุง - ฉลองกรุง 8,,สำนักงานวิศวกรรมจราจร,ปกติ,13.740924,100.791298
441,732,นิมิตใหม่-ไมตรีจิตร,นิมิตใหม่- ไมตรีจิตร,,สำนักงานวิศวกรรมจราจร,ปกติ,13.911757,100.746966
442,733,ไมตรีจิตร-คลองเก้า,คลองสามวา,,สำนักงานวิศวกรรมจราจร,ปกติ,13.919568,100.79382
443,734,วัดพลมานีย์,ลาดกระบัง,,สำนักงานวิศวกรรมจราจร,ปกติ,13.719832,100.79649
444,735,เลียบคลองสอง-พระยาสุเรนทร์,คลองสามวา,,สำนักงานวิศวกรรมจราจร,ปกติ,13.858952,100.693128
445,736,ซาฟารีย์,คลองสามวา,,สำนักงานวิศวกรรมจราจร,ปกติ,13.866387,100.7068
446,737,เลียบคลองสอง-หทัยราษฎร์,คลองสามวา,,สำนักงานวิศวกรรมจราจร,ปกติ,13.86192,100.722271
447,738,หทัยราษฎร์-หทัยมิตร,คลองสามวา,,สำนักงานวิศวกรรมจราจร,ปกติ,13.858899,100.722282
448,805,รร.ฉัตรวิทยา,คันนายาว,,สำนักงานวิศวกรรมจราจร,ปกติ,13.843215,100.653701
449,806,เกษตรนวมินทร์,ประดิษฐ์มนูญธรรม - เกษตรตัดใหม่,,สำนักงานวิศวกรรมจราจร,ปกติ,13.825427,100.628534
450,807,จันทรุเบกษา,สายไหม,,สำนักงานวิศวกรรมจราจร,ปกติ,13.919402,100.632245
451,808,ประชาชื่น 30,บางซื่อ,,สำนักงานวิศวกรรมจราจร,ปกติ,13.833409,100.53908
452,809,สยามธรณี,คันนายาว,,สำนักงานวิศวกรรมจราจร,ปกติ,13.85026,100.667441
453,810,ศิริสุข,ดอนเมือง,,สำนักงานวิศวกรรมจราจร,ปกติ,13.916038,100.583888
454,811,จตุโชติ,สายไหม,,สำนักงานวิศวกรรมจราจร,ปกติ,13.898209,100.661994
455,812,จุดกลับรถลาดพร้าว 103,บางกะปิ,,สำนักงานวิศวกรรมจราจร,ปกติ,13.772755,100.633372
456,813,ซอยสหการประมูล,วังทองหลาง,,สำนักงานวิศวกรรมจราจร,ปกติ,13.768214,100.596094
457,814,ทางเข้าโรงเรียนสตรีวิทยา 2,ลาดพร้าว,,สำนักงานวิศวกรรมจราจร,ปกติ,13.824503,100.617641
458,815,วัดหนองใหญ่,สายไหม,,สำนักงานวิศวกรรมจราจร,ปกติ,13.921562,100.686848
459,816,วัดบึงทองหลาง,บางกะปิ,,สำนักงานวิศวกรรมจราจร,ปกติ,13.796711,100.627304
460,817,ช่องทางกองทัพอากาศ 3,ดอนเมือง,,สำนักงานวิศวกรรมจราจร,ปกติ,13.910701,100.617589
461,818,วงเวียนอนุสาวรีย์หลักสี่,พหลโยธิน / รามอินทรา (เชื่อม 346),,สำนักงานวิศวกรรมจราจร,ปกติ,13.874658,100.596578
462,820,จุดกลับรถลาดพร้าว 93,วังทองหลาง,,สำนักงานวิศวกรรมจราจร,ปกติ,13.780248,100.620059
463,821,นาวงประชาพัฒนา,ดอนเมือง,,สำนักงานวิศวกรรมจราจร,ปกติ,13.944535,100.570914
464,824,หน้าเขตดอนเมือง,ดอนเมือง,,สำนักงานวิศวกรรมจราจร,ปกติ,13.910677,100.595606
465,825,ลาดพร้าว-วังหิน 61 และ 48,ลาดพร้าว,,สำนักงานวิศวกรรมจราจร,ปกติ,13.818537,100.591377
466,826,เสรีไทย 23,บึงกุ่ม,,สำนักงานวิศวกรรมจราจร,ปกติ,13.777195,100.662248
467,827,เขตบึงกุ่ม,บึงกุ่ม,,สำนักงานวิศวกรรมจราจร,ปกติ,13.781835,100.670902
468,828,ม. ชัยพฤกษ์ สุขาภิบาล 5,บางเขน,,สำนักงานวิศวกรรมจราจร,ปกติ,13.863506,100.639396
469,829,เพิ่มสิน,สายไหม,,สำนักงานวิศวกรรมจราจร,ปกติ,13.901395,100.665231
470,905,สี่พระยา-ทรัพย์,บางรัก,,สำนักงานวิศวกรรมจราจร,ปกติ,13.732322,100.526751
471,706,มิตรไมตรี-คู้คลองสิบ,ถนนคู้คลองสิบ/ถนนมิตรไมตรี,สัญญาณไฟจราจรลักษณะเสาสูง,สำนักงานวิศวกรรมจราจร,ปกติ,13.85446823,100.8073794
472,394,ลาดปลาเค้า-ผลาสินธุ์,ลาดปลาเค้า-ผลาสินธุ์,อื่นๆ,สำนักงานวิศวกรรมจราจร,ปกติ,13.84421562,100.5988513
473,25,ลาดพร้าว 71 - สังคมสงเคราะห์,ลาดพร้าว 71 - สังคมสงเคราะห์,อื่นๆ,สำนักงานวิศวกรรมจราจร,ปกติ,13.79505,100.60911
474,614,กำนันธารทิพย์,ทุ่งครุ,,สำนักงานวิศวกรรมจราจร,ปกติ,13.650183,100.481386
475,423,ว้งเดิม,อรุณอัมรินทร์ - วังเดิม,,สำนักงานวิศวกรรมจราจร,ปกติ,13.742204,100.487552
476,637,เพชรเกษม 63 ซอยกาญจนาภิเษก 3,เพชรเกษม 63 - กาญจนาภิเษก,อื่นๆ,สำนักงานวิศวกรรมจราจร,ปกติ,13.6968623,100.3904505
477,379,สวนผัก-ราชพฤกษ์,สวนผัก - ราชพฤกษ์,อื่นๆ,สำนักงานวิศวกรรมจราจร,ปกติ,13.7977393,100.4494025
478,94,พาหุรัด,ตรีเพชร - พาหุรัด,อื่นๆ,สำนักงานวิศวกรรมจราจร,ปกติ,13.745111,100.499365
479,35,เสาวณี,ศรีอยุธยา-สวรรคโลก,,สำนักงานวิศวกรรมจราจร,ปกติ,13.762947,100.523149
480,48,ลำพูนไชย,เจริญกรุง - ลำพูนไชย,,สำนักงานวิศวกรรมจราจร,ปกติ,13.739263,100.512616
481,378,พระรามที่ 3 - นราธิวาส,นราธิวาสราชนครินทร์ - พระรามที่ 3,อื่นๆ,สำนักงานวิศวกรรมจราจร,ปกติ,13.695385,100.546973
482,403,พระรามที่ 2,สุขสวัสดิ์-พระรามที่ 2,,สำนักงานวิศวกรรมจราจร,ปกติ,13.683554,100.490522
483,420,กิ่งแก้ว,อ่อนนุช-ลาดกระบัง-ร่มเกล้า,อื่นๆ,สำนักงานวิศวกรรมจราจร,ปกติ,13.722552,100.7399798
484,2,กษัตริย์ศึก,กรุงเกษม/บำรุงเมือง,,สำนักงานวิศวกรรมจราจร,ปกติ,13.74916967,100.5166683
485,162,หน่วยบัญชาการทหารพัฒนา,นาวงษ์พัฒนา/ทางเข้าหน่วยบัญชาการทหารพัฒนา,,สำนักงานวิศวกรรมจราจร,ปกติ,13.93762083,100.5684667
486,306,กองบัญชาการกองทัพเรือ,อิสระภาพ/อิสระภาพ 37,,สำนักงานวิศวกรรมจราจร,ปกติ,13.749805,100.4787222
487,341,กรมการสื่อสารทหาร,สรงประภา/ทางเข้ากรมการทหารสื่อสาร,,สำนักงานวิศวกรรมจราจร,ปกติ,13.93034675,100.5759522
488,269,ด่วนวัดสร้อยทอง,ประชาราษฎร์ สาย 1/ทางขึ้นด่วนศรีรัช,,สำนักงานวิศวกรรมจราจร,ปกติ,13.81393515,100.5173187
489,328,ศรีนครินทร์ 55 (เชื่อม 327),ศรีนครินทร์ /ศรีนครินทร์ 55,,สำนักงานวิศวกรรมจราจร,ปกติ,13.6894143,100.6470885
490,276,ถนนเพิ่มสิน - ถนนวัชรพล,ถนนเพิ่มสิน /ถนนวัชรพล,,สำนักงานวิศวกรรมจราจร,ปกติ,13.90040017,100.6378676
491,319,ทางด่วนสุขุมวิท 50,สุขุมวิท 50/ทางลงทางด่วน,,สำนักงานวิศวกรรมจราจร,ปกติ,13.70291381,100.5902414
492,340,วัดทิพพาวาส,ฉลองกรุง/ฉลองกรุง 53 (วัดทิพพาวาส),,สำนักงานวิศวกรรมจราจร,ปกติ,13.7801256,100.8012637
493,344,ซอยศาสนา,พระรามที่ 6/ซอยศาสนา,,สำนักงานวิศวกรรมจราจร,ปกติ,13.77511896,100.5328426
494,345,พหลโยธิน 50,พหลโยธิน/รัตนโกสินทร์สมโภช,,สำนักงานวิศวกรรมจราจร,ปกติ,13.89064499,100.6057007
495,350,สามเสน-ทางเข้าออกอาคารสงเคราะห์กองทัพบก,สามเสน/ทางเข้าออกอาคารสงเคราะห์กองทัพบก,,สำนักงานวิศวกรรมจราจร,ปกติ,13.79616121,100.520582
496,416,ปัญญาอินทรา-สุเหร่าคลองหนึ่ง,ปัญญาอินทรา/สุเหร่าคลองหนึ่ง,,สำนักงานวิศวกรรมจราจร,ปกติ,13.8407471,100.6972349
497,493,ไปรษณีย์บางบอน,เอกชัย / เอกชัย 89/8,,สำนักงานวิศวกรรมจราจร,ปกติ,13.66668154,100.4124032
498,739,หทัยราษฎร์-ราษฎร์นิมิตร,ราษฎร์นิมิตร/หทัยราษฎร์,,สำนักงานวิศวกรรมจราจร,ปกติ,13.91052272,100.7217072
499,742,สังฆสันติสุข-ทหารอากาศอุทิศ,สังฆสันติสุข-ทหารอากาศอุทิศ,,สำนักงานวิศวกรรมจราจร,ปกติ,13.81597523,100.9336465
500,743,สุขาภิบาล 2 - ทางลงกาญจนาภิเษก,สุขาภิบาล 2 - ทางลงกาญจนาภิเษก,,สำนักงานวิศวกรรมจราจร,ปกติ,13.71902957,100.7028665
501,830,นวธานี,เสรีไทย/เสรีไทย 38,,สำนักงานวิศวกรรมจราจร,ปกติ,13.78767149,100.684803
502,342,สหกรณ์ออมทรัพย์สื่อสารทหาร,สรงประภา/ทางเข้าสหกรณ์ออมทรัพย์สื่อสารทหาร,,สำนักงานวิศวกรรมจราจร,ปกติ,13.93168225,100.571725
503,703,เคหะร่มเกล้า 64,เคหะร่มเกล้า/เคหะร่มเกล้า 64,,สำนักงานวิศวกรรมจราจร,ปกติ,13.76715792,100.7206186
504,724,ACCESS C,อ่อนนุช-ลาดกระบัง  /ทางเข้าสนามบินสุวรรณภูมิ,,สำนักงานวิศวกรรมจราจร,ปกติ,13.72179489,100.7589678
505,741,สุเหร่าคลองหนึ่ง,สุเหร่าคลองหนึ่ง/หทัยราษฎร์,,สำนักงานวิศวกรรมจราจร,ปกติ,13.84172788,100.7205013
506,348,ทหาร-ทางเข้าออกอาคารสงเคราะห์กองทัพบก,ทหาร/ ทางเข้าออกอาคารสงเคราะห์กองทัพบก,อื่นๆ,สำนักงานวิศวกรรมจราจร,ปกติ,13.79688223,100.5224155
507,412,ซอยโพธิ์แก้ว 3,ซอยโพธิ์แก้ว / ซอยโพธิ์แก้ว 3,,สำนักงานวิศวกรรมจราจร,ปกติ,13.80011552,100.6335851
508,439,จุดกลับรถบางขุนเทียน 14,บางขุนเทียน-ซอยบางขุนเทียน 14,,สำนักงานวิศวกรรมจราจร,ปกติ,13.66160708,100.4253904
509,611,พุทธมณฑลสาย 2 ซอย 11,พุทธมณฑลสาย 2 /พุทธมณฑลสาย 2 ซอย 11,,สำนักงานวิศวกรรมจราจร,ปกติ,13.734485,100.395385
510,634,สวนผัก 32,สวนผัก / สวนผัก 32,,สำนักงานวิศวกรรมจราจร,ปกติ,13.79775706,100.4378227
511,635,ประชาอุทิศ -ประชาอุทิศ 90,ประชาอุทิศ-ประชาอุทิศ 90,,สำนักงานวิศวกรรมจราจร,ปกติ,13.61130063,100.5107562
512,636,ศาลาธรรมสพน์,พุทธมณฑล สาย 3/ศาลาธรรมสพน์,,สำนักงานวิศวกรรมจราจร,ปกติ,13.79891276,100.3636774
513,740,สน.ประชาสำราญ,ประชาสำราญ/คลองสิบ-คลองสิบสี่,,สำนักงานวิศวกรรมจราจร,ปกติ,13.87449307,100.8635376
514,369,ถนนนาคนิวาส - ซอยนาคนิวาส 16,นาคนิวาส/ซอยนาคนิวาส 16,,สำนักงานวิศวกรรมจราจร,ปกติ,13.80692932,100.6081312
515,831,เสรีไทย 56,เสรีไทย/เสรีไทย 56,,สำนักงานวิศวกรรมจราจร,ปกติ,13.79906521,100.7001081
516,426,พุทธมณฑลสาย 3-ทางเข้าศูนย์กำจัดมูลฝอยหนองแขม,พุทธมณฑลสาย 3/ทางเข้าศูนย์กำจัดมูลฝอยหนองแขม,,สำนักงานวิศวกรรมจราจร,ปกติ,13.71425767,100.3639478
517,430,สวนผัก-เลียบทางรถไฟตลิ่งชัน,สวนผัก-เลียบทางรถไฟตลิ่งชัน,,สำนักงานวิศวกรรมจราจร,ปกติ,13.79673346,100.4308596
518,131,แปลงนาม,เจริญกรุง/แปลงนาม,,สำนักงานวิศวกรรมจราจร,ปกติ,13.74183196,100.5104594
519,339,เฉลิมพระเกียรติ 53,เฉลิมพระเกียรติ ร. 9/ซอยเฉลิมพระเกียรติ ร.9 53,,สำนักงานวิศวกรรมจราจร,ปกติ,13.70015529,100.6754389
520,380,วัดจันทร์ประดิษฐาราม,บางแวก/ซอยวัดจันทร์ประดิษฐาราม (),สัญญาณไฟจราจรลักษณะเสาสูง,สำนักงานวิศวกรรมจราจร,ปกติ,13.72031575,100.4413232
521,213,คลองต้นไทร,เจริญนคร / กรุงธนบุรี (ขาลงสะพานฯ),สัญญาณไฟจราจรลักษณะเสาสูง,สำนักงานวิศวกรรมจราจร,ปกติ,13.71882754,100.5080016
522,431,จุดกลับรถไปรษณีย์สำเหร่,จุดกลับรถไปรษณีย์สำเหร่/สมเด็จพระเจ้าตากสิน,สัญญาณไฟจราจรลักษณะเสาสูง,สำนักงานวิศวกรรมจราจร,ปกติ,13.71560951,100.4893636
523,612,เลียบวงแหวนอุตสาหกรรม,ประชาอุทิศ/เลียบวงแหวนอุตสาหกรรมด้านใต้,,สำนักงานวิศวกรรมจราจร,ปกติ,13.67090439,100.5067171
524,819,จุดกลับรถลาดพร้าว 55/2,ลาดพร้าว/ลาดพร้าว 55/2,สัญญาณไฟจราจรลักษณะเสาสูง,สำนักงานวิศวกรรมจราจร,ปกติ,13.79405903,100.5970692
525,618,จุดกลับรถเพชรเกษม 116,เพชรเกษม/เพชรเกษม 116,,สำนักงานวิศวกรรมจราจร,ปกติ,13.70847015,100.336996
526,102,กองบัญชาการตำรวจตระเวนชายแดน,พหลโยธิน-ซอยพหลโยธิน 8,,สำนักงานวิศวกรรมจราจร,ปกติ,13.78337,100.54605
527,252,เสนานิคมซอย 12,เสนานิคม 1-เสนานิคม 1 ซอย 12,,สำนักงานวิศวกรรมจราจร,ปกติ,13.8345,100.57885
528,333,พัฒนาการ 53,พัฒนาการ-ซอยพัฒาการ 53,,สำนักงานวิศวกรรมจราจร,ปกติ,13.73256,100.64899
529,381,เพชรบุรี-เพชรอุทัย,เพชรบุรี-เพชรอุทัย,,สำนักงานวิศวกรรมจราจร,ปกติ,13.74832,100.56836
530,382,อโศกดินแดง-กำแพงเพชร 7,อโศกดินแดง-กำแพงเพชร 7,,สำนักงานวิศวกรรมจราจร,ปกติ,13.75016,100.56372
531,386,ลาดพร้าว - ซอย 39,ลาดพร้าว101-ซอย 39,,สำนักงานวิศวกรรมจราจร,ปกติ,13.80077958,100.583629
532,451,จารุเมือง - จรัสเมือง,จารุเมือง - จรัสเมือง,,สำนักงานวิศวกรรมจราจร,ปกติ,13.742876,100.519999
533,617,จุดกลับรถจรัญฯ 83,จรัญสนิทวงค์-จรัญสนิทวงศ์ 83,,สำนักงานวิศวกรรมจราจร,ปกติ,13.79219,100.50474
534,638,ศาลาธรรมสพน์ 48,ศาลาธรรมสพน์-ซอยศาลาธรรมสพน์ 48,,สำนักงานวิศวกรรมจราจร,ปกติ,13.80028,100.35465
535,744,ฉลองกรุง-ปากซอยฉลองกรุง1,ฉลองกรุง-ซอยฉลองกรุง 1,,สำนักงานวิศวกรรมจราจร,ปกติ,13.72809,100.77795
536,801,กำแพงเพชร 6,ถนนหมายเลข 8-กำแพงเพชร 6,,สำนักงานวิศวกรรมจราจร,ปกติ,13.873625,100.574653
537,802,แจ้งวัฒนะ 5,ถนนหมายเลข 8-ซอยแจ้งวัฒนะ 5,,สำนักงานวิศวกรรมจราจร,ปกติ,13.878959,100.571896
538,804,สายไหม - สายไหม 56,สายไหม-ซอยสายไหม 56,,สำนักงานวิศวกรรมจราจร,ปกติ,13.72809,100.77795
